{"peach": 0, "no idea": 1, "strawberry": 2, "swimming": 3, "clean": 4, "umpire": 5, "playing frisbee": 6, "candy": 7, "hat": 8, "sleeping": 9, "wetsuit": 10, "very": 11, "yellow and black": 12, "in water": 13, "united": 14, "on ground": 15, "waves": 16, "bird": 17, "empty": 18, "fishing": 19, "orange juice": 20, "13": 21, "egg": 22, "nike": 23, "cake": 24, "high": 25, "bag": 26, "suit": 27, "sandals": 28, "tie": 29, "collie": 30, "decoration": 31, "noon": 32, "unsure": 33, "fun": 34, "brushing teeth": 35, "good": 36, "cooking": 37, "mercedes": 38, "flying kites": 39, "water": 40, "helmet": 41, "goat": 42, "checkered": 43, "taking off": 44, "heart": 45, "army": 46, "waiting": 47, "art": 48, "motorcycles": 49, "not sure": 50, "gas": 51, "office": 52, "counter": 53, "pie": 54, "cutting": 55, "pigeon": 56, "blue and yellow": 57, "night time": 58, "hand": 59, "cutting cake": 60, "beanie": 61, "kia": 62, "book": 63, "pavement": 64, "twin": 65, "shoe": 66, "backpack": 67, "flying kite": 68, "day": 69, "man": 70, "brown": 71, "curtain": 72, "net": 73, "mozzarella": 74, "natural": 75, "lady": 76, "wii controller": 77, "safety": 78, "hp": 79, "fire hydrant": 80, "runway": 81, "sandwiches": 82, "black, white": 83, "fork": 84, "17": 85, "station": 86, "soda": 87, "headphones": 88, "right side": 89, "dining": 90, "child": 91, "tennis racquet": 92, "soccer ball": 93, "bicycles": 94, "us": 95, "to right": 96, "rocks": 97, "africa": 98, "29": 99, "stop sign": 100, "ducks": 101, "plant": 102, "frisbee": 103, "cloth": 104, "surf": 105, "on desk": 106, "boxes": 107, "behind": 108, "church": 109, "pizza": 110, "shorts": 111, "neither": 112, "horses": 113, "basil": 114, "orange and white": 115, "calm": 116, "forward": 117, "blue and green": 118, "remote control": 119, "chair": 120, "45": 121, "wood": 122, "18": 123, "parsley": 124, "parasailing": 125, "japan": 126, "pepperoni": 127, "all": 128, "black and white": 129, "potatoes": 130, "walk": 131, "bulldog": 132, "on wall": 133, "n": 134, "first": 135, "rose": 136, "glass": 137, "walking": 138, "cigarette": 139, "tile": 140, "dirty": 141, "red sox": 142, "navy": 143, "work": 144, "several": 145, "desktop": 146, "one way": 147, "pepsi": 148, "dell": 149, "bench": 150, "corn": 151, "2": 152, "square": 153, "nighttime": 154, "bell": 155, "can't see": 156, "cats": 157, "sad": 158, "bottle": 159, "horse": 160, "mac": 161, "new": 162, "kite": 163, "yellow": 164, "london": 165, "snowboard": 166, "silver": 167, "left": 168, "butter": 169, "parking meter": 170, "ice cream": 171, "marble": 172, "wine": 173, "zoo": 174, "building": 175, "bar": 176, "black": 177, "drinking": 178, "banana": 179, "jet": 180, "cowboy": 181, "onions": 182, "italian": 183, "game controller": 184, "red and green": 185, "wind": 186, "standing": 187, "catcher": 188, "hardwood": 189, "orange": 190, "airport": 191, "hill": 192, "skiing": 193, "surfboards": 194, "laying down": 195, "rug": 196, "eating": 197, "baby": 198, "necklace": 199, "running": 200, "coke": 201, "carrot": 202, "55": 203, "open": 204, "restaurant": 205, "apartment": 206, "floral": 207, "hair": 208, "rainbow": 209, "bowl": 210, "14": 211, "oak": 212, "reflection": 213, "table": 214, "pictures": 215, "indian": 216, "smile": 217, "1": 218, "clothes": 219, "floor": 220, "p": 221, "america": 222, "market": 223, "terrier": 224, "3 feet": 225, "party": 226, "curtains": 227, "hydrant": 228, "batter": 229, "grazing": 230, "paper": 231, "knife": 232, "21": 233, "white and red": 234, "parked": 235, "32": 236, "sandwich": 237, "on counter": 238, "bear": 239, "talking": 240, "laptop": 241, "public": 242, "on right": 243, "mountain": 244, "old": 245, "west": 246, "basket": 247, "bedroom": 248, "string": 249, "clay": 250, "video game": 251, "bread": 252, "chinese": 253, "tea": 254, "hotel": 255, "kite flying": 256, "ground": 257, "doughnuts": 258, "rainy": 259, "in air": 260, "turkey": 261, "desk": 262, "wild": 263, "light": 264, "a": 265, "wedding": 266, "asian": 267, "100": 268, "surfboard": 269, "winter": 270, "lemon": 271, "bananas": 272, "painting": 273, "yellow and blue": 274, "chain link": 275, "bridge": 276, "electric": 277, "rail": 278, "ocean": 279, "pillow": 280, "lunch": 281, "german shepherd": 282, "9": 283, "california": 284, "concrete": 285, "big ben": 286, "giraffes": 287, "chicago": 288, "ramp": 289, "monitor": 290, "jacket": 291, "staring": 292, "red and yellow": 293, "rural": 294, "trash": 295, "purse": 296, "pole": 297, "ford": 298, "sky": 299, "playing tennis": 300, "steak": 301, "windows": 302, "bed": 303, "stripe": 304, "cross": 305, "wii": 306, "playing": 307, "can't tell": 308, "bushes": 309, "coat": 310, "dessert": 311, "sauce": 312, "sunlight": 313, "parking": 314, "mutt": 315, "cucumber": 316, "ceiling": 317, "water skiing": 318, "red and blue": 319, "bowling": 320, "cloudy": 321, "spring": 322, "no parking": 323, "ceramic": 324, "away": 325, "playing baseball": 326, "outdoors": 327, "flowers": 328, "police": 329, "lot": 330, "on floor": 331, "remote": 332, "one on left": 333, "cement": 334, "picture": 335, "shoes": 336, "out": 337, "towel": 338, "talking on phone": 339, "mirror": 340, "clock": 341, "bathroom": 342, "oven": 343, "donut": 344, "cardboard": 345, "boat": 346, "2 feet": 347, "wave": 348, "racket": 349, "15": 350, "evening": 351, "palm": 352, "store": 353, "school": 354, "breakfast": 355, "candles": 356, "smoke": 357, "polar bear": 358, "big": 359, "no": 360, "iron": 361, "ball": 362, "rectangular": 363, "skateboards": 364, "beer": 365, "cap": 366, "rectangle": 367, "person": 368, "tray": 369, "35": 370, "bicycle": 371, "lake": 372, "ham": 373, "meat": 374, "leaves": 375, "dock": 376, "fur": 377, "african": 378, "farm": 379, "plaid": 380, "at camera": 381, "not possible": 382, "20": 383, "potato": 384, "serving": 385, "pork": 386, "female": 387, "onion": 388, "house": 389, "visor": 390, "playing game": 391, "tennis": 392, "samsung": 393, "27": 394, "tennis racket": 395, "daisy": 396, "food": 397, "ring": 398, "cutting board": 399, "looking": 400, "buildings": 401, "24": 402, "asphalt": 403, "dirt": 404, "soccer": 405, "roof": 406, "transportation": 407, "catching frisbee": 408, "passenger": 409, "center": 410, "dodgers": 411, "50": 412, "many": 413, "cup": 414, "left side": 415, "road": 416, "camera": 417, "sailboat": 418, "clock tower": 419, "new york": 420, "afternoon": 421, "black and yellow": 422, "stand": 423, "wall": 424, "40": 425, "plastic": 426, "carriage": 427, "fire": 428, "white and brown": 429, "private": 430, "france": 431, "on street": 432, "traffic": 433, "straw": 434, "snow": 435, "blinds": 436, "grass": 437, "toothbrush": 438, "young": 439, "fish": 440, "commercial": 441, "wine glass": 442, "brush": 443, "skateboard": 444, "working": 445, "pink": 446, "tennis ball": 447, "signs": 448, "male": 449, "umbrellas": 450, "resting": 451, "elephants": 452, "b": 453, "boston": 454, "sunny": 455, "motorcycle": 456, "fridge": 457, "low": 458, "tan": 459, "german": 460, "cars": 461, "fries": 462, "black and red": 463, "blue and red": 464, "skating": 465, "ski": 466, "diamond": 467, "fan": 468, "maple": 469, "garbage": 470, "middle": 471, "25": 472, "computer": 473, "kites": 474, "surfing": 475, "gloves": 476, "26": 477, "mouse": 478, "peppers": 479, "go": 480, "desert": 481, "ski poles": 482, "elephant": 483, "plates": 484, "granite": 485, "gold": 486, "light blue": 487, "solid": 488, "suitcase": 489, "rock": 490, "kitchen": 491, "microwave": 492, "baseball": 493, "united states": 494, "subway": 495, "brick": 496, "military": 497, "east": 498, "men": 499, "umbrella": 500, "indoors": 501, "lamp": 502, "adidas": 503, "hot dogs": 504, "collar": 505, "giraffe": 506, "tree": 507, "children": 508, "business": 509, "chocolate": 510, "japanese": 511, "0": 512, "guitar": 513, "star": 514, "baseball bat": 515, "phone": 516, "background": 517, "slow": 518, "green and white": 519, "full": 520, "red and black": 521, "seagull": 522, "airplane": 523, "skateboarder": 524, "smiling": 525, "lots": 526, "possibly": 527, "34": 528, "photographer": 529, "not very": 530, "cow": 531, "teddy bears": 532, "daytime": 533, "carrots": 534, "10 feet": 535, "zebra": 536, "trees": 537, "human": 538, "plants": 539, "short": 540, "wilson": 541, "bricks": 542, "parade": 543, "fall": 544, "night": 545, "roman": 546, "squares": 547, "owl": 548, "train": 549, "juice": 550, "air": 551, "top": 552, "16": 553, "sunset": 554, "on grass": 555, "4": 556, "one on right": 557, "skis": 558, "reading": 559, "bat": 560, "zebras": 561, "basketball": 562, "vegetable": 563, "girl": 564, "cell phone": 565, "lights": 566, "toyota": 567, "stuffed animal": 568, "pitcher": 569, "box": 570, "bike": 571, "skate park": 572, "flying": 573, "hay": 574, "on bed": 575, "fork and knife": 576, "controller": 577, "pineapple": 578, "emirates": 579, "bun": 580, "books": 581, "inside": 582, "germany": 583, "caucasian": 584, "woman": 585, "strawberries": 586, "family": 587, "outside": 588, "in front": 589, "t": 590, "wooden": 591, "scissors": 592, "game": 593, "hot": 594, "shadow": 595, "protection": 596, "beard": 597, "gravel": 598, "morning": 599, "shade": 600, "60": 601, "white and gray": 602, "octagon": 603, "pink and white": 604, "nowhere": 605, "gray and white": 606, "harley": 607, "stick": 608, "drink": 609, "motorbike": 610, "lamb": 611, "flip flops": 612, "christmas": 613, "wool": 614, "2012": 615, "blender": 616, "hot dog": 617, "wire": 618, "soap": 619, "cheese": 620, "sunglasses": 621, "brown and black": 622, "door": 623, "seagulls": 624, "branch": 625, "to left": 626, "ketchup": 627, "rope": 628, "eagle": 629, "oranges": 630, "light brown": 631, "maroon": 632, "yes": 633, "canada": 634, "apple": 635, "sun": 636, "doughnut": 637, "beans": 638, "plane": 639, "river": 640, "goggles": 641, "kid": 642, "planes": 643, "city": 644, "pasta": 645, "30": 646, "graffiti": 647, "paddle": 648, "watch": 649, "yellow and green": 650, "balance": 651, "bracelet": 652, "vegetables": 653, "bmw": 654, "multi": 655, "trash can": 656, "10": 657, "fedex": 658, "french": 659, "chopsticks": 660, "regular": 661, "flower": 662, "yellow and white": 663, "white and black": 664, "downhill": 665, "women": 666, "french fries": 667, "fire truck": 668, "carpet": 669, "birds": 670, "yellow and red": 671, "chicken": 672, "i don't know": 673, "pug": 674, "board": 675, "midday": 676, "phones": 677, "usa": 678, "dark": 679, "candle": 680, "watching": 681, "glasses": 682, "striped": 683, "plain": 684, "on road": 685, "3": 686, "sprinkles": 687, "playing wii": 688, "pickle": 689, "country": 690, "suv": 691, "sausage": 692, "sink": 693, "12": 694, "field": 695, "cows": 696, "tulips": 697, "icing": 698, "relaxing": 699, "television": 700, "shirt": 701, "birthday": 702, "hit ball": 703, "above": 704, "tennis court": 705, "calico": 706, "parking lot": 707, "nobody": 708, "tv": 709, "11": 710, "purple": 711, "on": 712, "cotton": 713, "electricity": 714, "halloween": 715, "apples": 716, "200": 717, "blanket": 718, "library": 719, "porcelain": 720, "cabinet": 721, "racing": 722, "bow": 723, "clouds": 724, "off": 725, "spinach": 726, "england": 727, "vase": 728, "tabby": 729, "fake": 730, "pan": 731, "6": 732, "wiimote": 733, "eggs": 734, "hands": 735, "tomatoes": 736, "right": 737, "mcdonald's": 738, "delta": 739, "tag": 740, "toilet paper": 741, "sofa": 742, "logo": 743, "bacon": 744, "bears": 745, "handle": 746, "living": 747, "glove": 748, "small": 749, "beach": 750, "india": 751, "back": 752, "boots": 753, "straight": 754, "baseball cap": 755, "dog": 756, "boy": 757, "5": 758, "31": 759, "raining": 760, "down": 761, "on plate": 762, "don't know": 763, "taking picture": 764, "bull": 765, "catching": 766, "dusk": 767, "home": 768, "38": 769, "living room": 770, "china": 771, "watermelon": 772, "mushrooms": 773, "street sign": 774, "large": 775, "on beach": 776, "riding": 777, "cat": 778, "monkey": 779, "blonde": 780, "red": 781, "chairs": 782, "real": 783, "sweater": 784, "forest": 785, "soup": 786, "long": 787, "head": 788, "toy": 789, "crane": 790, "medium": 791, "newspaper": 792, "cargo": 793, "teal": 794, "couch": 795, "w": 796, "jumping": 797, "donuts": 798, "unknown": 799, "american": 800, "bus": 801, "racquet": 802, "stairs": 803, "rain": 804, "salad": 805, "beef": 806, "beige": 807, "sheep": 808, "bus stop": 809, "28": 810, "napkin": 811, "san francisco": 812, "tower": 813, "white and blue": 814, "luggage": 815, "downtown": 816, "green and yellow": 817, "italy": 818, "laying": 819, "spoon": 820, "north": 821, "frosting": 822, "on table": 823, "shelf": 824, "van": 825, "tall": 826, "cart": 827, "scarf": 828, "jeans": 829, "surfer": 830, "polo": 831, "cleaning": 832, "blue and white": 833, "skier": 834, "wet": 835, "poles": 836, "shower": 837, "green": 838, "lighthouse": 839, "bottom": 840, "white": 841, "tomato": 842, "bandana": 843, "front": 844, "railing": 845, "brown and white": 846, "pot": 847, "keyboard": 848, "blue and black": 849, "honda": 850, "pine": 851, "roses": 852, "33": 853, "bucket": 854, "pants": 855, "football": 856, "krispy kreme": 857, "plate": 858, "blue": 859, "cannot tell": 860, "tracks": 861, "little": 862, "swan": 863, "8": 864, "stripes": 865, "asia": 866, "pen": 867, "23": 868, "circle": 869, "softball": 870, "texting": 871, "spanish": 872, "bakery": 873, "multicolored": 874, "park": 875, "ski lift": 876, "teddy bear": 877, "tiles": 878, "c": 879, "boats": 880, "street": 881, "sneakers": 882, "dining room": 883, "on left": 884, "suitcases": 885, "red and white": 886, "scooter": 887, "duck": 888, "maybe": 889, "mustard": 890, "fabric": 891, "pepper": 892, "nokia": 893, "black white": 894, "south": 895, "leather": 896, "both": 897, "triangle": 898, "closed": 899, "coffee": 900, "white and green": 901, "fireplace": 902, "animals": 903, "bikes": 904, "steam": 905, "7": 906, "nice": 907, "butterfly": 908, "warm": 909, "modern": 910, "sidewalk": 911, "gray": 912, "fence": 913, "fruits": 914, "polar": 915, "round": 916, "train station": 917, "landing": 918, "broccoli": 919, "19": 920, "dry": 921, "rice": 922, "olives": 923, "dinner": 924, "coca cola": 925, "helmets": 926, "outdoor": 927, "nothing": 928, "headband": 929, "none": 930, "sign": 931, "fruit": 932, "batting": 933, "stop": 934, "grapes": 935, "stove": 936, "lab": 937, "vanilla": 938, "adult": 939, "clear": 940, "people": 941, "summer": 942, "sugar": 943, "parrot": 944, "metal": 945, "overcast": 946, "oval": 947, "magnets": 948, "dress": 949, "up": 950, "statue": 951, "urban": 952, "air canada": 953, "dogs": 954, "milk": 955, "cream": 956, "steel": 957, "car": 958, "dunkin donuts": 959, "chef": 960, "hats": 961, "happy": 962, "moving": 963, "bush": 964, "towels": 965, "sitting": 966, "lufthansa": 967, "ponytail": 968, "22": 969, "truck": 970, "flag": 971, "starbucks": 972, "unclear": 973, "driving": 974, "color": 975, "cold": 976, "posing": 977, "wii remote": 978, "face": 979, "pastry": 980, "lettuce": 981, "paint": 982, "refrigerator": 983, "bags": 984, "pillows": 985, "skateboarding": 986, "no one": 987, "english": 988, "stainless steel": 989, "snowboarding": 990, "sony": 991, "double decker": 992, "mountains": 993, "window": 994, "sand": 995, "stone": 996, "tennis shoes": 997, "words": 998, "toilet": 999}